image_3.jpg,[]
image_4.jpg,[]
image_5.jpg,[]
image_6.jpg,[]
image_7.jpg,[]
image_8.jpg,[]
image_9.jpg,[]
image_10.jpg,[]
image_11.jpg,[]
image_12.jpg,[]
image_13.jpg,[]
image_14.jpg,[]
image_15.jpg,[]
image_16.jpg,[]
image_17.jpg,[]
image_18.jpg,[]
image_19.jpg,[]
image_20.jpg,[]
image_21.jpg,[]
image_22.jpg,[]
image_23.jpg,[]
image_24.jpg,[]
image_25.jpg,[]
image_26.jpg,[]
image_27.jpg,[]
image_28.jpg,[]
image_29.jpg,[]
image_30.gif,[]
image_31.jpg,[]
image_32.jpg,[]
image_33.jpg,[]
image_34.jpg,[]
image_35.jpg,[]
image_36.jpg,[]
image_37.gif,[]
image_38.jpg,[]
image_39.jpg,[]
image_40.jpg,[]
image_41.jpg,[]
image_42.jpg,[]
image_43.jpg,[]
image_44.jpg,[]
image_45.jpg,[]
image_46.jpg,[]
image_47.jpg,[]
image_48.jpg,[]
image_49.gif,[]
image_50.jpg,[]
image_51.gif,[]
image_52.jpg,[]
image_53.jpg,[]
image_54.gif,[]
image_55.jpg,[]
image_56.gif,[]
image_57.jpg,[]
image_58.gif,[]
image_59.jpg,[]
image_60.gif,[]
image_61.jpg,[]
image_62.gif,[]
image_63.jpg,[]
image_64.gif,[]
image_65.jpg,[]
image_66.gif,[]
image_67.jpg,[]
image_68.gif,[]
image_69.jpg,[]
image_70.jpg,[]
image_71.jpg,[]
image_72.jpg,[]
image_73.jpg,[]
image_74.jpg,[]
image_75.jpg,[]
image_76.jpg,[]
image_77.jpg,[]
image_78.jpg,[]
image_79.jpg,[]
image_80.jpg,[]
image_81.jpg,[]
image_82.jpg,[]
image_83.jpg,[]
image_84.jpg,[]
image_85.jpg,[]
image_86.jpg,[]
image_87.jpg,[]
image_88.jpg,[]
image_89.jpg,[]
image_90.jpg,[]
image_91.jpg,[]
image_92.jpg,[]
image_93.jpg,[]
image_94.jpg,[]
image_95.jpg,[]
image_96.jpg,[]
image_97.jpg,[]
image_98.jpg,[]
image_99.jpg,[]
image_100.jpg,[]
image_101.jpg,[]
image_102.jpg,[]
image_103.jpg,[]
